{"loss": 37.541221618652344, "predictions": {"_type": "histogram", "values": [829, 127, 332, 97, 230, 36, 141, 70, 36, 17, 31, 41, 9, 52, 39, 28, 12, 14, 2, 4, 19, 12, 12, 19, 11, 18, 10, 15, 9, 0, 1, 14623], "bins": [0.0, 2.9375, 5.875, 8.8125, 11.75, 14.6875, 17.625, 20.5625, 23.5, 26.4375, 29.375, 32.3125, 35.25, 38.1875, 41.125, 44.0625, 47.0, 49.9375, 52.875, 55.8125, 58.75, 61.6875, 64.625, 67.5625, 70.5, 73.4375, 76.375, 79.3125, 82.25, 85.1875, 88.125, 91.0625, 94.0]}, "transcripts": {"_type": "histogram", "values": [2847, 121, 313, 100, 228, 32, 145, 23, 70, 4, 34, 43, 9, 50, 14, 42, 18, 12, 8, 6, 17, 8, 20, 6, 23, 12, 18, 17, 6, 8, 1, 1], "bins": [0.0, 2.875, 5.75, 8.625, 11.5, 14.375, 17.25, 20.125, 23.0, 25.875, 28.75, 31.625, 34.5, 37.375, 40.25, 43.125, 46.0, 48.875, 51.75, 54.625, 57.5, 60.375, 63.25, 66.125, 69.0, 71.875, 74.75, 77.625, 80.5, 83.375, 86.25, 89.125, 92.0]}, "transcript_length": [62, 51, 31, 56, 82, 51, 103, 116, 104, 52, 14, 28, 33, 93, 29, 95, 32, 70, 126, 63, 44, 42, 101, 21, 25, 85, 21, 42, 25, 81, 38, 133], "LR": 0.001, "_runtime": 14573, "_timestamp": 1619621391, "_step": 30725, "Evaluation_Loss_valid": NaN, "Evaluation_Valid_WER": 1.0, "Evaluation_Valid_CER": 0.9687931665329833, "epoch": 1, "epoch_time": 4765.513353347778}